IP地址,端口,TLS,数据中心,国家,地区,城市,ASN,ORG,延迟(ms),速度(MB/s)
47.236.237.90,8880,FALSE,SIN,SG,Asia Pacific,Singapore,45102,"Alibaba US Technology Co., Ltd.",282,25.18
47.236.150.13,2082,FALSE,SIN,SG,Asia Pacific,Singapore,45102,"Alibaba US Technology Co., Ltd.",283,23.23
47.236.164.215,80,FALSE,SIN,SG,Asia Pacific,Singapore,45102,"Alibaba US Technology Co., Ltd.",315,22.74
47.236.172.71,8880,FALSE,SIN,SG,Asia Pacific,Singapore,45102,"Alibaba US Technology Co., Ltd.",299,22.44
47.236.118.216,2082,FALSE,SIN,SG,Asia Pacific,Singapore,45102,"Alibaba US Technology Co., Ltd.",281,21.64
47.236.121.23,2086,FALSE,SIN,SG,Asia Pacific,Singapore,45102,"Alibaba US Technology Co., Ltd.",324,21.43
47.236.164.215,8080,FALSE,SIN,SG,Asia Pacific,Singapore,45102,"Alibaba US Technology Co., Ltd.",314,21.14
47.236.171.205,2052,FALSE,SIN,SG,Asia Pacific,Singapore,45102,"Alibaba US Technology Co., Ltd.",333,20.69
8.219.194.170,8880,FALSE,SIN,SG,Asia Pacific,Singapore,45102,"Alibaba US Technology Co., Ltd.",315,20.39
47.236.202.91,8080,FALSE,SIN,SG,Asia Pacific,Singapore,45102,"Alibaba US Technology Co., Ltd.",326,19.73
8.219.174.142,8880,FALSE,SIN,SG,Asia Pacific,Singapore,45102,"Alibaba US Technology Co., Ltd.",306,19.52
47.236.146.249,2086,FALSE,SIN,SG,Asia Pacific,Singapore,45102,"Alibaba US Technology Co., Ltd.",324,19.52
47.236.144.208,2082,FALSE,SIN,SG,Asia Pacific,Singapore,45102,"Alibaba US Technology Co., Ltd.",322,19.20
47.236.149.107,2095,FALSE,SIN,SG,Asia Pacific,Singapore,45102,"Alibaba US Technology Co., Ltd.",309,18.72
8.219.200.145,2082,FALSE,SIN,SG,Asia Pacific,Singapore,45102,"Alibaba US Technology Co., Ltd.",312,18.70
47.236.172.95,2082,FALSE,SIN,SG,Asia Pacific,Singapore,45102,"Alibaba US Technology Co., Ltd.",306,18.42
8.219.199.220,80,FALSE,SIN,SG,Asia Pacific,Singapore,45102,"Alibaba US Technology Co., Ltd.",289,18.34
8.219.199.220,2095,FALSE,SIN,SG,Asia Pacific,Singapore,45102,"Alibaba US Technology Co., Ltd.",279,18.26
47.236.17.193,2095,FALSE,SIN,SG,Asia Pacific,Singapore,45102,"Alibaba US Technology Co., Ltd.",306,18.23
47.236.75.152,80,FALSE,SIN,SG,Asia Pacific,Singapore,45102,"Alibaba US Technology Co., Ltd.",398,18.22
8.219.202.130,8080,FALSE,SIN,SG,Asia Pacific,Singapore,45102,"Alibaba US Technology Co., Ltd.",316,18.20
47.236.254.120,8880,FALSE,SIN,SG,Asia Pacific,Singapore,45102,"Alibaba US Technology Co., Ltd.",290,18.18
8.219.177.205,2095,FALSE,SIN,SG,Asia Pacific,Singapore,45102,"Alibaba US Technology Co., Ltd.",341,18.16
8.219.220.88,80,FALSE,SIN,SG,Asia Pacific,Singapore,45102,"Alibaba US Technology Co., Ltd.",330,18.10
47.236.169.164,2086,FALSE,SIN,SG,Asia Pacific,Singapore,45102,"Alibaba US Technology Co., Ltd.",320,18.05
47.236.174.206,2086,FALSE,SIN,SG,Asia Pacific,Singapore,45102,"Alibaba US Technology Co., Ltd.",299,18.00
47.236.144.196,80,FALSE,SIN,SG,Asia Pacific,Singapore,45102,"Alibaba US Technology Co., Ltd.",331,17.81
8.219.222.98,8080,FALSE,SIN,SG,Asia Pacific,Singapore,45102,"Alibaba US Technology Co., Ltd.",341,17.71
47.236.166.131,2082,FALSE,SIN,SG,Asia Pacific,Singapore,45102,"Alibaba US Technology Co., Ltd.",296,17.60
47.236.75.113,2082,FALSE,SIN,SG,Asia Pacific,Singapore,45102,"Alibaba US Technology Co., Ltd.",314,17.53
8.219.161.129,2095,FALSE,SIN,SG,Asia Pacific,Singapore,45102,"Alibaba US Technology Co., Ltd.",307,17.40
8.219.139.13,8880,FALSE,SIN,SG,Asia Pacific,Singapore,45102,"Alibaba US Technology Co., Ltd.",326,17.29
47.236.169.164,2052,FALSE,SIN,SG,Asia Pacific,Singapore,45102,"Alibaba US Technology Co., Ltd.",296,16.95
47.236.172.95,8080,FALSE,SIN,SG,Asia Pacific,Singapore,45102,"Alibaba US Technology Co., Ltd.",297,16.64
47.236.149.107,2086,FALSE,SIN,SG,Asia Pacific,Singapore,45102,"Alibaba US Technology Co., Ltd.",352,16.49
47.236.93.176,2082,FALSE,SIN,SG,Asia Pacific,Singapore,45102,"Alibaba US Technology Co., Ltd.",329,16.49
47.236.169.164,80,FALSE,SIN,SG,Asia Pacific,Singapore,45102,"Alibaba US Technology Co., Ltd.",295,16.47
47.236.205.188,8880,FALSE,SIN,SG,Asia Pacific,Singapore,45102,"Alibaba US Technology Co., Ltd.",282,16.40
8.219.139.13,2086,FALSE,SIN,SG,Asia Pacific,Singapore,45102,"Alibaba US Technology Co., Ltd.",322,16.33
47.236.170.54,2082,FALSE,SIN,SG,Asia Pacific,Singapore,45102,"Alibaba US Technology Co., Ltd.",316,15.95
47.236.9.152,8080,FALSE,SIN,SG,Asia Pacific,Singapore,45102,"Alibaba US Technology Co., Ltd.",344,15.74
47.236.169.141,8080,FALSE,SIN,SG,Asia Pacific,Singapore,45102,"Alibaba US Technology Co., Ltd.",309,15.30
8.219.191.110,2095,FALSE,SIN,SG,Asia Pacific,Singapore,45102,"Alibaba US Technology Co., Ltd.",308,15.10
47.236.97.90,2082,FALSE,SIN,SG,Asia Pacific,Singapore,45102,"Alibaba US Technology Co., Ltd.",277,15.04
47.236.237.90,80,FALSE,SIN,SG,Asia Pacific,Singapore,45102,"Alibaba US Technology Co., Ltd.",292,15.02
47.236.170.54,2086,FALSE,SIN,SG,Asia Pacific,Singapore,45102,"Alibaba US Technology Co., Ltd.",296,15.01
8.219.229.190,8080,FALSE,SIN,SG,Asia Pacific,Singapore,45102,"Alibaba US Technology Co., Ltd.",321,14.90
47.236.104.11,8080,FALSE,SIN,SG,Asia Pacific,Singapore,45102,"Alibaba US Technology Co., Ltd.",317,14.82
8.219.209.14,2086,FALSE,SIN,SG,Asia Pacific,Singapore,45102,"Alibaba US Technology Co., Ltd.",345,14.73
8.219.189.143,2095,FALSE,SIN,SG,Asia Pacific,Singapore,45102,"Alibaba US Technology Co., Ltd.",324,14.70
47.236.166.131,8880,FALSE,SIN,SG,Asia Pacific,Singapore,45102,"Alibaba US Technology Co., Ltd.",333,14.58
47.236.87.246,80,FALSE,SIN,SG,Asia Pacific,Singapore,45102,"Alibaba US Technology Co., Ltd.",311,14.56
8.219.198.139,8080,FALSE,SIN,SG,Asia Pacific,Singapore,45102,"Alibaba US Technology Co., Ltd.",331,14.32
47.236.202.91,80,FALSE,SIN,SG,Asia Pacific,Singapore,45102,"Alibaba US Technology Co., Ltd.",317,14.28
8.219.210.57,8080,FALSE,SIN,SG,Asia Pacific,Singapore,45102,"Alibaba US Technology Co., Ltd.",339,13.93
8.219.191.40,2086,FALSE,SIN,SG,Asia Pacific,Singapore,45102,"Alibaba US Technology Co., Ltd.",369,13.86
47.236.145.85,2082,FALSE,SIN,SG,Asia Pacific,Singapore,45102,"Alibaba US Technology Co., Ltd.",286,13.81
47.236.169.15,2086,FALSE,SIN,SG,Asia Pacific,Singapore,45102,"Alibaba US Technology Co., Ltd.",605,13.67
8.219.210.57,2052,FALSE,SIN,SG,Asia Pacific,Singapore,45102,"Alibaba US Technology Co., Ltd.",291,13.62
47.236.10.100,8080,FALSE,SIN,SG,Asia Pacific,Singapore,45102,"Alibaba US Technology Co., Ltd.",280,13.59
47.236.144.208,2052,FALSE,SIN,SG,Asia Pacific,Singapore,45102,"Alibaba US Technology Co., Ltd.",313,13.40
8.219.163.195,2086,FALSE,SIN,SG,Asia Pacific,Singapore,45102,"Alibaba US Technology Co., Ltd.",321,13.38
47.236.174.206,8880,FALSE,SIN,SG,Asia Pacific,Singapore,45102,"Alibaba US Technology Co., Ltd.",343,13.27
47.236.149.107,2052,FALSE,SIN,SG,Asia Pacific,Singapore,45102,"Alibaba US Technology Co., Ltd.",305,13.11
47.236.121.23,8880,FALSE,SIN,SG,Asia Pacific,Singapore,45102,"Alibaba US Technology Co., Ltd.",361,13.07
47.236.174.206,2095,FALSE,SIN,SG,Asia Pacific,Singapore,45102,"Alibaba US Technology Co., Ltd.",320,13.00
8.219.210.64,2082,FALSE,SIN,SG,Asia Pacific,Singapore,45102,"Alibaba US Technology Co., Ltd.",361,12.62
47.236.117.48,80,FALSE,SIN,SG,Asia Pacific,Singapore,45102,"Alibaba US Technology Co., Ltd.",350,12.53
47.236.5.223,8080,FALSE,SIN,SG,Asia Pacific,Singapore,45102,"Alibaba US Technology Co., Ltd.",352,12.51
47.236.17.193,80,FALSE,SIN,SG,Asia Pacific,Singapore,45102,"Alibaba US Technology Co., Ltd.",279,12.44
8.219.191.40,8080,FALSE,SIN,SG,Asia Pacific,Singapore,45102,"Alibaba US Technology Co., Ltd.",314,12.14
47.236.174.206,2052,FALSE,SIN,SG,Asia Pacific,Singapore,45102,"Alibaba US Technology Co., Ltd.",329,12.11
47.236.169.141,2086,FALSE,SIN,SG,Asia Pacific,Singapore,45102,"Alibaba US Technology Co., Ltd.",323,12.05
8.219.210.64,2095,FALSE,SIN,SG,Asia Pacific,Singapore,45102,"Alibaba US Technology Co., Ltd.",341,11.99
47.236.171.205,2095,FALSE,SIN,SG,Asia Pacific,Singapore,45102,"Alibaba US Technology Co., Ltd.",341,11.97
8.219.0.162,80,FALSE,SIN,SG,Asia Pacific,Singapore,45102,"Alibaba US Technology Co., Ltd.",648,11.90
47.236.123.133,2082,FALSE,SIN,SG,Asia Pacific,Singapore,45102,"Alibaba US Technology Co., Ltd.",288,11.81
8.219.191.40,8880,FALSE,SIN,SG,Asia Pacific,Singapore,45102,"Alibaba US Technology Co., Ltd.",299,11.78
47.236.83.239,2052,FALSE,SIN,SG,Asia Pacific,Singapore,45102,"Alibaba US Technology Co., Ltd.",314,11.69
8.219.191.40,80,FALSE,SIN,SG,Asia Pacific,Singapore,45102,"Alibaba US Technology Co., Ltd.",317,11.60
47.236.93.176,2086,FALSE,SIN,SG,Asia Pacific,Singapore,45102,"Alibaba US Technology Co., Ltd.",369,11.49
8.222.156.242,80,FALSE,SIN,SG,Asia Pacific,Singapore,45102,"Alibaba US Technology Co., Ltd.",629,11.45
8.219.111.175,8880,FALSE,SIN,SG,Asia Pacific,Singapore,45102,"Alibaba US Technology Co., Ltd.",700,11.44
8.219.209.14,80,FALSE,SIN,SG,Asia Pacific,Singapore,45102,"Alibaba US Technology Co., Ltd.",282,11.40
8.219.42.72,2082,FALSE,SIN,SG,Asia Pacific,Singapore,45102,"Alibaba US Technology Co., Ltd.",647,11.39
47.245.96.80,2086,FALSE,SIN,SG,Asia Pacific,Singapore,45102,"Alibaba US Technology Co., Ltd.",670,11.38
47.236.171.205,8880,FALSE,SIN,SG,Asia Pacific,Singapore,45102,"Alibaba US Technology Co., Ltd.",324,11.33
8.219.229.190,80,FALSE,SIN,SG,Asia Pacific,Singapore,45102,"Alibaba US Technology Co., Ltd.",341,11.28
8.219.1.92,8880,FALSE,SIN,SG,Asia Pacific,Singapore,45102,"Alibaba US Technology Co., Ltd.",682,11.15
8.222.156.242,2086,FALSE,SIN,SG,Asia Pacific,Singapore,45102,"Alibaba US Technology Co., Ltd.",648,11.11
47.236.169.15,2082,FALSE,SIN,SG,Asia Pacific,Singapore,45102,"Alibaba US Technology Co., Ltd.",356,11.09
47.236.169.141,80,FALSE,SIN,SG,Asia Pacific,Singapore,45102,"Alibaba US Technology Co., Ltd.",342,11.08
47.237.86.185,8080,FALSE,SIN,SG,Asia Pacific,Singapore,45102,"Alibaba US Technology Co., Ltd.",665,10.97
8.219.0.48,2095,FALSE,SIN,SG,Asia Pacific,Singapore,45102,"Alibaba US Technology Co., Ltd.",696,10.88
47.245.118.70,8080,FALSE,SIN,SG,Asia Pacific,Singapore,45102,"Alibaba US Technology Co., Ltd.",657,10.86
47.236.171.205,8080,FALSE,SIN,SG,Asia Pacific,Singapore,45102,"Alibaba US Technology Co., Ltd.",322,10.81
47.236.232.148,2052,FALSE,SIN,SG,Asia Pacific,Singapore,45102,"Alibaba US Technology Co., Ltd.",287,10.67
8.219.220.88,2095,FALSE,SIN,SG,Asia Pacific,Singapore,45102,"Alibaba US Technology Co., Ltd.",315,10.58
47.236.149.107,80,FALSE,SIN,SG,Asia Pacific,Singapore,45102,"Alibaba US Technology Co., Ltd.",334,10.52
8.219.42.72,2095,FALSE,SIN,SG,Asia Pacific,Singapore,45102,"Alibaba US Technology Co., Ltd.",666,10.50
8.219.193.202,8080,FALSE,SIN,SG,Asia Pacific,Singapore,45102,"Alibaba US Technology Co., Ltd.",336,10.50
8.219.222.98,2095,FALSE,SIN,SG,Asia Pacific,Singapore,45102,"Alibaba US Technology Co., Ltd.",313,10.46
8.222.146.222,8080,FALSE,SIN,SG,Asia Pacific,Singapore,45102,"Alibaba US Technology Co., Ltd.",630,10.40
8.219.202.130,2095,FALSE,SIN,SG,Asia Pacific,Singapore,45102,"Alibaba US Technology Co., Ltd.",348,10.38
8.219.209.14,2082,FALSE,SIN,SG,Asia Pacific,Singapore,45102,"Alibaba US Technology Co., Ltd.",339,10.27
8.219.210.64,8880,FALSE,SIN,SG,Asia Pacific,Singapore,45102,"Alibaba US Technology Co., Ltd.",315,10.22
47.237.100.206,2052,FALSE,SIN,SG,Asia Pacific,Singapore,45102,"Alibaba US Technology Co., Ltd.",659,10.16
8.219.120.87,2095,FALSE,SIN,SG,Asia Pacific,Singapore,45102,"Alibaba US Technology Co., Ltd.",644,10.07
8.219.78.1,2086,FALSE,SIN,SG,Asia Pacific,Singapore,45102,"Alibaba US Technology Co., Ltd.",662,10.04
47.245.118.70,80,FALSE,SIN,SG,Asia Pacific,Singapore,45102,"Alibaba US Technology Co., Ltd.",644,10.02
8.222.146.222,2095,FALSE,SIN,SG,Asia Pacific,Singapore,45102,"Alibaba US Technology Co., Ltd.",693,9.95
47.236.121.23,2095,FALSE,SIN,SG,Asia Pacific,Singapore,45102,"Alibaba US Technology Co., Ltd.",327,9.95
47.237.8.82,8880,FALSE,SIN,SG,Asia Pacific,Singapore,45102,"Alibaba US Technology Co., Ltd.",674,9.87
8.219.222.98,2082,FALSE,SIN,SG,Asia Pacific,Singapore,45102,"Alibaba US Technology Co., Ltd.",309,9.78
47.236.118.216,2052,FALSE,SIN,SG,Asia Pacific,Singapore,45102,"Alibaba US Technology Co., Ltd.",315,9.69
8.219.177.205,8080,FALSE,SIN,SG,Asia Pacific,Singapore,45102,"Alibaba US Technology Co., Ltd.",334,9.60
47.237.125.8,2052,FALSE,SIN,SG,Asia Pacific,Singapore,45102,"Alibaba US Technology Co., Ltd.",660,9.55
8.219.200.145,80,FALSE,SIN,SG,Asia Pacific,Singapore,45102,"Alibaba US Technology Co., Ltd.",295,9.44
8.219.210.57,2086,FALSE,SIN,SG,Asia Pacific,Singapore,45102,"Alibaba US Technology Co., Ltd.",339,9.42
47.245.84.124,2086,FALSE,SIN,SG,Asia Pacific,Singapore,45102,"Alibaba US Technology Co., Ltd.",679,9.32
8.222.165.117,80,FALSE,SIN,SG,Asia Pacific,Singapore,45102,"Alibaba US Technology Co., Ltd.",684,9.31
8.222.193.65,2082,FALSE,SIN,SG,Asia Pacific,Singapore,45102,"Alibaba US Technology Co., Ltd.",660,9.28
8.222.208.38,2086,FALSE,SIN,SG,Asia Pacific,Singapore,45102,"Alibaba US Technology Co., Ltd.",681,9.27
47.236.10.182,2082,FALSE,SIN,SG,Asia Pacific,Singapore,45102,"Alibaba US Technology Co., Ltd.",284,9.25
8.219.120.87,80,FALSE,SIN,SG,Asia Pacific,Singapore,45102,"Alibaba US Technology Co., Ltd.",654,9.18
47.236.144.156,80,FALSE,SIN,SG,Asia Pacific,Singapore,45102,"Alibaba US Technology Co., Ltd.",365,9.14
47.236.169.141,2082,FALSE,SIN,SG,Asia Pacific,Singapore,45102,"Alibaba US Technology Co., Ltd.",335,9.05
8.219.126.240,8880,FALSE,SIN,SG,Asia Pacific,Singapore,45102,"Alibaba US Technology Co., Ltd.",665,9.04
8.219.78.1,80,FALSE,SIN,SG,Asia Pacific,Singapore,45102,"Alibaba US Technology Co., Ltd.",673,9.02
47.237.92.26,80,FALSE,SIN,SG,Asia Pacific,Singapore,45102,"Alibaba US Technology Co., Ltd.",653,8.99
8.222.156.242,8080,FALSE,SIN,SG,Asia Pacific,Singapore,45102,"Alibaba US Technology Co., Ltd.",656,8.90
8.219.111.175,2095,FALSE,SIN,SG,Asia Pacific,Singapore,45102,"Alibaba US Technology Co., Ltd.",687,8.84
47.237.83.20,8080,FALSE,SIN,SG,Asia Pacific,Singapore,45102,"Alibaba US Technology Co., Ltd.",657,8.83
8.219.1.92,2095,FALSE,SIN,SG,Asia Pacific,Singapore,45102,"Alibaba US Technology Co., Ltd.",654,8.80
8.219.97.50,80,FALSE,SIN,SG,Asia Pacific,Singapore,45102,"Alibaba US Technology Co., Ltd.",660,8.78
47.236.253.41,2082,FALSE,SIN,SG,Asia Pacific,Singapore,45102,"Alibaba US Technology Co., Ltd.",338,8.69
8.219.198.139,2086,FALSE,SIN,SG,Asia Pacific,Singapore,45102,"Alibaba US Technology Co., Ltd.",336,8.54
47.236.174.206,2082,FALSE,SIN,SG,Asia Pacific,Singapore,45102,"Alibaba US Technology Co., Ltd.",350,8.50
47.236.10.100,80,FALSE,SIN,SG,Asia Pacific,Singapore,45102,"Alibaba US Technology Co., Ltd.",327,8.45
8.222.134.170,2082,FALSE,SIN,SG,Asia Pacific,Singapore,45102,"Alibaba US Technology Co., Ltd.",641,8.42
47.236.121.23,8080,FALSE,SIN,SG,Asia Pacific,Singapore,45102,"Alibaba US Technology Co., Ltd.",338,8.35
47.236.144.196,2095,FALSE,SIN,SG,Asia Pacific,Singapore,45102,"Alibaba US Technology Co., Ltd.",322,8.34
8.219.163.195,8080,FALSE,SIN,SG,Asia Pacific,Singapore,45102,"Alibaba US Technology Co., Ltd.",353,8.15
8.219.11.158,8880,FALSE,SIN,SG,Asia Pacific,Singapore,45102,"Alibaba US Technology Co., Ltd.",664,8.02
8.222.134.170,8080,FALSE,SIN,SG,Asia Pacific,Singapore,45102,"Alibaba US Technology Co., Ltd.",652,7.91
47.236.5.223,80,FALSE,SIN,SG,Asia Pacific,Singapore,45102,"Alibaba US Technology Co., Ltd.",293,7.90
8.219.189.143,80,FALSE,SIN,SG,Asia Pacific,Singapore,45102,"Alibaba US Technology Co., Ltd.",307,7.86
47.237.86.185,80,FALSE,SIN,SG,Asia Pacific,Singapore,45102,"Alibaba US Technology Co., Ltd.",703,7.80
47.236.97.90,80,FALSE,SIN,SG,Asia Pacific,Singapore,45102,"Alibaba US Technology Co., Ltd.",281,7.71
47.237.100.206,2095,FALSE,SIN,SG,Asia Pacific,Singapore,45102,"Alibaba US Technology Co., Ltd.",692,7.68
47.236.104.11,2052,FALSE,SIN,SG,Asia Pacific,Singapore,45102,"Alibaba US Technology Co., Ltd.",283,7.67
47.236.146.249,80,FALSE,SIN,SG,Asia Pacific,Singapore,45102,"Alibaba US Technology Co., Ltd.",355,7.62
47.236.123.133,80,FALSE,SIN,SG,Asia Pacific,Singapore,45102,"Alibaba US Technology Co., Ltd.",321,7.53
47.236.146.249,8880,FALSE,SIN,SG,Asia Pacific,Singapore,45102,"Alibaba US Technology Co., Ltd.",354,7.46
8.219.107.135,2082,FALSE,SIN,SG,Asia Pacific,Singapore,45102,"Alibaba US Technology Co., Ltd.",653,7.34
47.236.174.206,80,FALSE,SIN,SG,Asia Pacific,Singapore,45102,"Alibaba US Technology Co., Ltd.",327,7.33
47.236.169.141,2052,FALSE,SIN,SG,Asia Pacific,Singapore,45102,"Alibaba US Technology Co., Ltd.",334,7.33
8.219.177.205,2086,FALSE,SIN,SG,Asia Pacific,Singapore,45102,"Alibaba US Technology Co., Ltd.",344,7.26
8.219.67.133,8880,FALSE,SIN,SG,Asia Pacific,Singapore,45102,"Alibaba US Technology Co., Ltd.",666,7.25
8.219.122.55,2082,FALSE,SIN,SG,Asia Pacific,Singapore,45102,"Alibaba US Technology Co., Ltd.",692,7.16
8.219.191.40,2095,FALSE,SIN,SG,Asia Pacific,Singapore,45102,"Alibaba US Technology Co., Ltd.",308,7.09
47.236.75.152,8880,FALSE,SIN,SG,Asia Pacific,Singapore,45102,"Alibaba US Technology Co., Ltd.",329,7.08
8.219.104.37,80,FALSE,SIN,SG,Asia Pacific,Singapore,45102,"Alibaba US Technology Co., Ltd.",645,7.08
47.236.168.17,2086,FALSE,SIN,SG,Asia Pacific,Singapore,45102,"Alibaba US Technology Co., Ltd.",283,7.05
47.237.95.140,80,FALSE,SIN,SG,Asia Pacific,Singapore,45102,"Alibaba US Technology Co., Ltd.",635,7.03
47.236.180.24,8880,FALSE,SIN,SG,Asia Pacific,Singapore,45102,"Alibaba US Technology Co., Ltd.",335,6.90
47.236.166.131,80,FALSE,SIN,SG,Asia Pacific,Singapore,45102,"Alibaba US Technology Co., Ltd.",321,6.87
8.222.134.170,2086,FALSE,SIN,SG,Asia Pacific,Singapore,45102,"Alibaba US Technology Co., Ltd.",665,6.85
47.236.254.120,8080,FALSE,SIN,SG,Asia Pacific,Singapore,45102,"Alibaba US Technology Co., Ltd.",287,6.67
47.237.10.1,8880,FALSE,SIN,SG,Asia Pacific,Singapore,45102,"Alibaba US Technology Co., Ltd.",665,6.65
47.236.10.182,2086,FALSE,SIN,SG,Asia Pacific,Singapore,45102,"Alibaba US Technology Co., Ltd.",335,6.64
8.219.210.64,8080,FALSE,SIN,SG,Asia Pacific,Singapore,45102,"Alibaba US Technology Co., Ltd.",355,6.56
47.236.164.215,2095,FALSE,SIN,SG,Asia Pacific,Singapore,45102,"Alibaba US Technology Co., Ltd.",321,6.54
8.219.83.201,2086,FALSE,SIN,SG,Asia Pacific,Singapore,45102,"Alibaba US Technology Co., Ltd.",674,6.52
47.237.86.185,2095,FALSE,SIN,SG,Asia Pacific,Singapore,45102,"Alibaba US Technology Co., Ltd.",673,6.51
47.237.84.173,8080,FALSE,SIN,SG,Asia Pacific,Singapore,45102,"Alibaba US Technology Co., Ltd.",667,6.48
47.236.10.182,8080,FALSE,SIN,SG,Asia Pacific,Singapore,45102,"Alibaba US Technology Co., Ltd.",277,6.46
8.219.170.232,2095,FALSE,SIN,SG,Asia Pacific,Singapore,45102,"Alibaba US Technology Co., Ltd.",321,6.45
47.237.8.82,80,FALSE,SIN,SG,Asia Pacific,Singapore,45102,"Alibaba US Technology Co., Ltd.",676,6.43
47.236.10.182,80,FALSE,SIN,SG,Asia Pacific,Singapore,45102,"Alibaba US Technology Co., Ltd.",334,6.40
47.236.180.51,2082,FALSE,SIN,SG,Asia Pacific,Singapore,45102,"Alibaba US Technology Co., Ltd.",354,6.39
47.236.144.196,8880,FALSE,SIN,SG,Asia Pacific,Singapore,45102,"Alibaba US Technology Co., Ltd.",316,6.38
47.236.75.152,8080,FALSE,SIN,SG,Asia Pacific,Singapore,45102,"Alibaba US Technology Co., Ltd.",283,6.36
8.219.99.169,8080,FALSE,SIN,SG,Asia Pacific,Singapore,45102,"Alibaba US Technology Co., Ltd.",678,6.29
8.219.220.88,2086,FALSE,SIN,SG,Asia Pacific,Singapore,45102,"Alibaba US Technology Co., Ltd.",394,6.26
8.219.191.40,2082,FALSE,SIN,SG,Asia Pacific,Singapore,45102,"Alibaba US Technology Co., Ltd.",279,6.24
47.236.167.231,2052,FALSE,SIN,SG,Asia Pacific,Singapore,45102,"Alibaba US Technology Co., Ltd.",341,6.21
47.237.92.26,2052,FALSE,SIN,SG,Asia Pacific,Singapore,45102,"Alibaba US Technology Co., Ltd.",672,6.11
47.236.167.231,2086,FALSE,SIN,SG,Asia Pacific,Singapore,45102,"Alibaba US Technology Co., Ltd.",322,6.07
47.236.97.90,2086,FALSE,SIN,SG,Asia Pacific,Singapore,45102,"Alibaba US Technology Co., Ltd.",344,6.04
8.219.50.180,8080,FALSE,SIN,SG,Asia Pacific,Singapore,45102,"Alibaba US Technology Co., Ltd.",665,6.04
47.236.80.110,8080,FALSE,SIN,SG,Asia Pacific,Singapore,45102,"Alibaba US Technology Co., Ltd.",315,5.92
47.245.114.163,2086,FALSE,SIN,SG,Asia Pacific,Singapore,45102,"Alibaba US Technology Co., Ltd.",657,5.89
8.219.111.175,2082,FALSE,SIN,SG,Asia Pacific,Singapore,45102,"Alibaba US Technology Co., Ltd.",671,5.78
47.236.180.51,2086,FALSE,SIN,SG,Asia Pacific,Singapore,45102,"Alibaba US Technology Co., Ltd.",330,5.74
8.219.163.195,2095,FALSE,SIN,SG,Asia Pacific,Singapore,45102,"Alibaba US Technology Co., Ltd.",325,5.68
8.219.177.205,80,FALSE,SIN,SG,Asia Pacific,Singapore,45102,"Alibaba US Technology Co., Ltd.",386,5.68
8.219.139.13,80,FALSE,SIN,SG,Asia Pacific,Singapore,45102,"Alibaba US Technology Co., Ltd.",329,5.66
8.222.208.38,2095,FALSE,SIN,SG,Asia Pacific,Singapore,45102,"Alibaba US Technology Co., Ltd.",665,5.66
47.245.84.124,8880,FALSE,SIN,SG,Asia Pacific,Singapore,45102,"Alibaba US Technology Co., Ltd.",653,5.65
47.245.105.224,8080,FALSE,SIN,SG,Asia Pacific,Singapore,45102,"Alibaba US Technology Co., Ltd.",661,5.65
47.236.9.152,80,FALSE,SIN,SG,Asia Pacific,Singapore,45102,"Alibaba US Technology Co., Ltd.",302,5.64
47.236.205.188,2095,FALSE,SIN,SG,Asia Pacific,Singapore,45102,"Alibaba US Technology Co., Ltd.",347,5.60
8.219.122.55,80,FALSE,SIN,SG,Asia Pacific,Singapore,45102,"Alibaba US Technology Co., Ltd.",680,5.59
47.245.118.70,2095,FALSE,SIN,SG,Asia Pacific,Singapore,45102,"Alibaba US Technology Co., Ltd.",645,5.58
47.236.164.215,2082,FALSE,SIN,SG,Asia Pacific,Singapore,45102,"Alibaba US Technology Co., Ltd.",315,5.57
47.236.75.113,8080,FALSE,SIN,SG,Asia Pacific,Singapore,45102,"Alibaba US Technology Co., Ltd.",351,5.56
8.219.200.145,8880,FALSE,SIN,SG,Asia Pacific,Singapore,45102,"Alibaba US Technology Co., Ltd.",321,5.55
47.245.114.163,8080,FALSE,SIN,SG,Asia Pacific,Singapore,45102,"Alibaba US Technology Co., Ltd.",651,5.45
8.219.107.135,80,FALSE,SIN,SG,Asia Pacific,Singapore,45102,"Alibaba US Technology Co., Ltd.",649,5.37
47.236.180.24,2095,FALSE,SIN,SG,Asia Pacific,Singapore,45102,"Alibaba US Technology Co., Ltd.",301,5.37
8.219.114.201,8880,FALSE,SIN,SG,Asia Pacific,Singapore,45102,"Alibaba US Technology Co., Ltd.",662,5.32
47.237.95.146,2082,FALSE,SIN,SG,Asia Pacific,Singapore,45102,"Alibaba US Technology Co., Ltd.",674,5.28
8.219.210.57,80,FALSE,SIN,SG,Asia Pacific,Singapore,45102,"Alibaba US Technology Co., Ltd.",298,5.27
47.245.126.151,2086,FALSE,SIN,SG,Asia Pacific,Singapore,45102,"Alibaba US Technology Co., Ltd.",659,5.26
47.237.100.206,8880,FALSE,SIN,SG,Asia Pacific,Singapore,45102,"Alibaba US Technology Co., Ltd.",678,5.25
47.236.10.100,2052,FALSE,SIN,SG,Asia Pacific,Singapore,45102,"Alibaba US Technology Co., Ltd.",279,5.24
47.237.10.1,2082,FALSE,SIN,SG,Asia Pacific,Singapore,45102,"Alibaba US Technology Co., Ltd.",676,5.23
47.236.172.95,2052,FALSE,SIN,SG,Asia Pacific,Singapore,45102,"Alibaba US Technology Co., Ltd.",319,5.18
47.237.8.82,2052,FALSE,SIN,SG,Asia Pacific,Singapore,45102,"Alibaba US Technology Co., Ltd.",682,5.17
47.236.237.90,2052,FALSE,SIN,SG,Asia Pacific,Singapore,45102,"Alibaba US Technology Co., Ltd.",321,5.11
8.219.83.201,8880,FALSE,SIN,SG,Asia Pacific,Singapore,45102,"Alibaba US Technology Co., Ltd.",644,5.08
47.236.104.11,2095,FALSE,SIN,SG,Asia Pacific,Singapore,45102,"Alibaba US Technology Co., Ltd.",322,5.06
8.219.110.81,8080,FALSE,SIN,SG,Asia Pacific,Singapore,45102,"Alibaba US Technology Co., Ltd.",697,5.05
8.222.146.222,80,FALSE,SIN,SG,Asia Pacific,Singapore,45102,"Alibaba US Technology Co., Ltd.",644,5.03
47.236.168.17,80,FALSE,SIN,SG,Asia Pacific,Singapore,45102,"Alibaba US Technology Co., Ltd.",355,5.02
47.236.10.100,2086,FALSE,SIN,SG,Asia Pacific,Singapore,45102,"Alibaba US Technology Co., Ltd.",325,5.00
8.222.179.231,2086,FALSE,SIN,SG,Asia Pacific,Singapore,45102,"Alibaba US Technology Co., Ltd.",678,5.00
47.245.105.224,2095,FALSE,SIN,SG,Asia Pacific,Singapore,45102,"Alibaba US Technology Co., Ltd.",664,4.96
47.236.150.13,2095,FALSE,SIN,SG,Asia Pacific,Singapore,45102,"Alibaba US Technology Co., Ltd.",344,4.95
8.219.139.13,8080,FALSE,SIN,SG,Asia Pacific,Singapore,45102,"Alibaba US Technology Co., Ltd.",322,4.95
47.237.94.140,2095,FALSE,SIN,SG,Asia Pacific,Singapore,45102,"Alibaba US Technology Co., Ltd.",697,4.92
8.219.126.240,80,FALSE,SIN,SG,Asia Pacific,Singapore,45102,"Alibaba US Technology Co., Ltd.",680,4.87
8.219.200.145,8080,FALSE,SIN,SG,Asia Pacific,Singapore,45102,"Alibaba US Technology Co., Ltd.",302,4.85
8.222.244.192,8880,FALSE,SIN,SG,Asia Pacific,Singapore,45102,"Alibaba US Technology Co., Ltd.",658,4.83
8.219.132.64,8080,FALSE,SIN,SG,Asia Pacific,Singapore,45102,"Alibaba US Technology Co., Ltd.",323,4.82
8.219.11.158,8080,FALSE,SIN,SG,Asia Pacific,Singapore,45102,"Alibaba US Technology Co., Ltd.",662,4.81
8.219.42.72,8880,FALSE,SIN,SG,Asia Pacific,Singapore,45102,"Alibaba US Technology Co., Ltd.",647,4.80
47.236.149.107,8080,FALSE,SIN,SG,Asia Pacific,Singapore,45102,"Alibaba US Technology Co., Ltd.",355,4.79
8.219.194.170,2086,FALSE,SIN,SG,Asia Pacific,Singapore,45102,"Alibaba US Technology Co., Ltd.",325,4.76
8.219.191.110,80,FALSE,SIN,SG,Asia Pacific,Singapore,45102,"Alibaba US Technology Co., Ltd.",312,4.75
47.245.102.52,8080,FALSE,SIN,SG,Asia Pacific,Singapore,45102,"Alibaba US Technology Co., Ltd.",652,4.67
47.245.86.230,2086,FALSE,SIN,SG,Asia Pacific,Singapore,45102,"Alibaba US Technology Co., Ltd.",650,4.64
47.236.253.41,2095,FALSE,SIN,SG,Asia Pacific,Singapore,45102,"Alibaba US Technology Co., Ltd.",352,4.63
47.236.144.48,80,FALSE,SIN,SG,Asia Pacific,Singapore,45102,"Alibaba US Technology Co., Ltd.",300,4.62
47.236.80.110,8880,FALSE,SIN,SG,Asia Pacific,Singapore,45102,"Alibaba US Technology Co., Ltd.",337,4.60
47.236.232.148,2082,FALSE,SIN,SG,Asia Pacific,Singapore,45102,"Alibaba US Technology Co., Ltd.",362,4.57
8.219.198.139,2095,FALSE,SIN,SG,Asia Pacific,Singapore,45102,"Alibaba US Technology Co., Ltd.",284,4.56
47.236.121.23,80,FALSE,SIN,SG,Asia Pacific,Singapore,45102,"Alibaba US Technology Co., Ltd.",366,4.54
47.236.168.17,2082,FALSE,SIN,SG,Asia Pacific,Singapore,45102,"Alibaba US Technology Co., Ltd.",329,4.53
47.236.170.225,2082,FALSE,SIN,SG,Asia Pacific,Singapore,45102,"Alibaba US Technology Co., Ltd.",281,4.51
47.236.80.110,2052,FALSE,SIN,SG,Asia Pacific,Singapore,45102,"Alibaba US Technology Co., Ltd.",323,4.50
47.245.86.230,8880,FALSE,SIN,SG,Asia Pacific,Singapore,45102,"Alibaba US Technology Co., Ltd.",658,4.45
47.237.94.140,2086,FALSE,SIN,SG,Asia Pacific,Singapore,45102,"Alibaba US Technology Co., Ltd.",639,4.40
47.237.95.146,8080,FALSE,SIN,SG,Asia Pacific,Singapore,45102,"Alibaba US Technology Co., Ltd.",641,4.39
47.236.170.225,2086,FALSE,SIN,SG,Asia Pacific,Singapore,45102,"Alibaba US Technology Co., Ltd.",332,4.37
47.236.102.102,8880,FALSE,SIN,SG,Asia Pacific,Singapore,45102,"Alibaba US Technology Co., Ltd.",326,4.36
47.237.95.13,8080,FALSE,SIN,SG,Asia Pacific,Singapore,45102,"Alibaba US Technology Co., Ltd.",650,4.32
8.219.193.202,2095,FALSE,SIN,SG,Asia Pacific,Singapore,45102,"Alibaba US Technology Co., Ltd.",311,4.29
8.222.244.192,2086,FALSE,SIN,SG,Asia Pacific,Singapore,45102,"Alibaba US Technology Co., Ltd.",660,4.28
47.236.232.148,8080,FALSE,SIN,SG,Asia Pacific,Singapore,45102,"Alibaba US Technology Co., Ltd.",278,4.28
8.219.99.169,2086,FALSE,SIN,SG,Asia Pacific,Singapore,45102,"Alibaba US Technology Co., Ltd.",684,4.28
8.222.187.4,2095,FALSE,SIN,SG,Asia Pacific,Singapore,45102,"Alibaba US Technology Co., Ltd.",669,4.26
47.236.75.152,2082,FALSE,SIN,SG,Asia Pacific,Singapore,45102,"Alibaba US Technology Co., Ltd.",334,4.20
47.237.81.112,8080,FALSE,SIN,SG,Asia Pacific,Singapore,45102,"Alibaba US Technology Co., Ltd.",654,4.16
47.236.180.51,80,FALSE,SIN,SG,Asia Pacific,Singapore,45102,"Alibaba US Technology Co., Ltd.",315,4.16
47.236.168.17,8080,FALSE,SIN,SG,Asia Pacific,Singapore,45102,"Alibaba US Technology Co., Ltd.",319,4.14
47.236.10.182,8880,FALSE,SIN,SG,Asia Pacific,Singapore,45102,"Alibaba US Technology Co., Ltd.",332,4.12
8.222.214.231,8080,FALSE,SIN,SG,Asia Pacific,Singapore,45102,"Alibaba US Technology Co., Ltd.",650,4.09
8.219.142.191,80,FALSE,SIN,SG,Asia Pacific,Singapore,45102,"Alibaba US Technology Co., Ltd.",348,4.08
8.222.144.50,2082,FALSE,SIN,SG,Asia Pacific,Singapore,45102,"Alibaba US Technology Co., Ltd.",662,4.08
47.236.167.231,8080,FALSE,SIN,SG,Asia Pacific,Singapore,45102,"Alibaba US Technology Co., Ltd.",354,4.06
47.245.105.224,8880,FALSE,SIN,SG,Asia Pacific,Singapore,45102,"Alibaba US Technology Co., Ltd.",647,4.04
47.236.10.182,2095,FALSE,SIN,SG,Asia Pacific,Singapore,45102,"Alibaba US Technology Co., Ltd.",319,4.01
8.219.142.191,2086,FALSE,SIN,SG,Asia Pacific,Singapore,45102,"Alibaba US Technology Co., Ltd.",320,4.00
47.237.95.13,2082,FALSE,SIN,SG,Asia Pacific,Singapore,45102,"Alibaba US Technology Co., Ltd.",672,3.97
47.236.164.215,2052,FALSE,SIN,SG,Asia Pacific,Singapore,45102,"Alibaba US Technology Co., Ltd.",334,3.96
8.219.77.222,2086,FALSE,SIN,SG,Asia Pacific,Singapore,45102,"Alibaba US Technology Co., Ltd.",631,3.94
8.219.78.188,8080,FALSE,SIN,SG,Asia Pacific,Singapore,45102,"Alibaba US Technology Co., Ltd.",668,3.94
47.236.93.176,8880,FALSE,SIN,SG,Asia Pacific,Singapore,45102,"Alibaba US Technology Co., Ltd.",330,3.92
8.219.104.37,2086,FALSE,SIN,SG,Asia Pacific,Singapore,45102,"Alibaba US Technology Co., Ltd.",652,3.87
47.237.95.140,8080,FALSE,SIN,SG,Asia Pacific,Singapore,45102,"Alibaba US Technology Co., Ltd.",653,3.85
8.219.194.170,2095,FALSE,SIN,SG,Asia Pacific,Singapore,45102,"Alibaba US Technology Co., Ltd.",350,3.83
47.236.205.188,2082,FALSE,SIN,SG,Asia Pacific,Singapore,45102,"Alibaba US Technology Co., Ltd.",337,3.75
8.219.189.143,2086,FALSE,SIN,SG,Asia Pacific,Singapore,45102,"Alibaba US Technology Co., Ltd.",287,3.69
8.222.237.131,80,FALSE,SIN,SG,Asia Pacific,Singapore,45102,"Alibaba US Technology Co., Ltd.",646,3.65
47.245.126.151,8880,FALSE,SIN,SG,Asia Pacific,Singapore,45102,"Alibaba US Technology Co., Ltd.",666,3.65
8.219.107.135,8880,FALSE,SIN,SG,Asia Pacific,Singapore,45102,"Alibaba US Technology Co., Ltd.",643,3.65
8.222.179.231,8080,FALSE,SIN,SG,Asia Pacific,Singapore,45102,"Alibaba US Technology Co., Ltd.",682,3.64
47.236.165.25,8880,FALSE,SIN,SG,Asia Pacific,Singapore,45102,"Alibaba US Technology Co., Ltd.",359,3.62
47.236.80.110,2086,FALSE,SIN,SG,Asia Pacific,Singapore,45102,"Alibaba US Technology Co., Ltd.",352,3.56
47.236.169.15,2052,FALSE,SIN,SG,Asia Pacific,Singapore,45102,"Alibaba US Technology Co., Ltd.",280,3.55
47.237.125.8,80,FALSE,SIN,SG,Asia Pacific,Singapore,45102,"Alibaba US Technology Co., Ltd.",666,3.53
47.236.10.100,2095,FALSE,SIN,SG,Asia Pacific,Singapore,45102,"Alibaba US Technology Co., Ltd.",319,3.51
8.219.199.220,2086,FALSE,SIN,SG,Asia Pacific,Singapore,45102,"Alibaba US Technology Co., Ltd.",331,3.51
8.219.209.14,2095,FALSE,SIN,SG,Asia Pacific,Singapore,45102,"Alibaba US Technology Co., Ltd.",274,3.51
47.236.169.141,8880,FALSE,SIN,SG,Asia Pacific,Singapore,45102,"Alibaba US Technology Co., Ltd.",326,3.49
47.237.95.140,2082,FALSE,SIN,SG,Asia Pacific,Singapore,45102,"Alibaba US Technology Co., Ltd.",638,3.47
8.219.229.190,2086,FALSE,SIN,SG,Asia Pacific,Singapore,45102,"Alibaba US Technology Co., Ltd.",301,3.45
8.222.193.65,8880,FALSE,SIN,SG,Asia Pacific,Singapore,45102,"Alibaba US Technology Co., Ltd.",664,3.38
8.219.0.162,8880,FALSE,SIN,SG,Asia Pacific,Singapore,45102,"Alibaba US Technology Co., Ltd.",683,3.37
8.219.200.145,2095,FALSE,SIN,SG,Asia Pacific,Singapore,45102,"Alibaba US Technology Co., Ltd.",313,3.37
47.236.97.90,8080,FALSE,SIN,SG,Asia Pacific,Singapore,45102,"Alibaba US Technology Co., Ltd.",308,3.34
47.237.95.13,80,FALSE,SIN,SG,Asia Pacific,Singapore,45102,"Alibaba US Technology Co., Ltd.",642,3.28
8.219.49.65,8080,FALSE,SIN,SG,Asia Pacific,Singapore,45102,"Alibaba US Technology Co., Ltd.",639,3.27
47.237.8.82,2095,FALSE,SIN,SG,Asia Pacific,Singapore,45102,"Alibaba US Technology Co., Ltd.",683,3.26
47.245.86.230,2095,FALSE,SIN,SG,Asia Pacific,Singapore,45102,"Alibaba US Technology Co., Ltd.",678,3.17
47.237.94.140,8080,FALSE,SIN,SG,Asia Pacific,Singapore,45102,"Alibaba US Technology Co., Ltd.",647,3.13
8.219.107.135,2095,FALSE,SIN,SG,Asia Pacific,Singapore,45102,"Alibaba US Technology Co., Ltd.",671,3.12
47.237.100.206,2082,FALSE,SIN,SG,Asia Pacific,Singapore,45102,"Alibaba US Technology Co., Ltd.",674,3.12
47.237.10.1,80,FALSE,SIN,SG,Asia Pacific,Singapore,45102,"Alibaba US Technology Co., Ltd.",670,3.05
47.236.189.92,2095,FALSE,SIN,SG,Asia Pacific,Singapore,45102,"Alibaba US Technology Co., Ltd.",280,3.04
8.219.189.143,8080,FALSE,SIN,SG,Asia Pacific,Singapore,45102,"Alibaba US Technology Co., Ltd.",298,3.01
8.219.67.133,2082,FALSE,SIN,SG,Asia Pacific,Singapore,45102,"Alibaba US Technology Co., Ltd.",670,3.00
8.222.179.231,2095,FALSE,SIN,SG,Asia Pacific,Singapore,45102,"Alibaba US Technology Co., Ltd.",679,2.98
8.222.183.242,2095,FALSE,SIN,SG,Asia Pacific,Singapore,45102,"Alibaba US Technology Co., Ltd.",638,2.96
8.219.126.240,2086,FALSE,SIN,SG,Asia Pacific,Singapore,45102,"Alibaba US Technology Co., Ltd.",660,2.94
8.222.165.117,2095,FALSE,SIN,SG,Asia Pacific,Singapore,45102,"Alibaba US Technology Co., Ltd.",664,2.92
8.222.134.170,2095,FALSE,SIN,SG,Asia Pacific,Singapore,45102,"Alibaba US Technology Co., Ltd.",654,2.90
8.219.0.48,8880,FALSE,SIN,SG,Asia Pacific,Singapore,45102,"Alibaba US Technology Co., Ltd.",650,2.88
8.219.229.190,2095,FALSE,SIN,SG,Asia Pacific,Singapore,45102,"Alibaba US Technology Co., Ltd.",306,2.87
47.236.144.48,8080,FALSE,SIN,SG,Asia Pacific,Singapore,45102,"Alibaba US Technology Co., Ltd.",280,2.86
47.245.126.151,80,FALSE,SIN,SG,Asia Pacific,Singapore,45102,"Alibaba US Technology Co., Ltd.",670,2.85
8.219.142.191,2095,FALSE,SIN,SG,Asia Pacific,Singapore,45102,"Alibaba US Technology Co., Ltd.",338,2.85
8.219.87.30,8880,FALSE,SIN,SG,Asia Pacific,Singapore,45102,"Alibaba US Technology Co., Ltd.",683,2.83
8.219.97.50,2086,FALSE,SIN,SG,Asia Pacific,Singapore,45102,"Alibaba US Technology Co., Ltd.",658,2.77
8.222.144.50,8080,FALSE,SIN,SG,Asia Pacific,Singapore,45102,"Alibaba US Technology Co., Ltd.",676,2.74
47.237.95.156,2095,FALSE,SIN,SG,Asia Pacific,Singapore,45102,"Alibaba US Technology Co., Ltd.",658,2.70
8.219.0.48,8080,FALSE,SIN,SG,Asia Pacific,Singapore,45102,"Alibaba US Technology Co., Ltd.",665,2.69
47.237.125.8,2095,FALSE,SIN,SG,Asia Pacific,Singapore,45102,"Alibaba US Technology Co., Ltd.",669,2.67
8.222.214.231,80,FALSE,SIN,SG,Asia Pacific,Singapore,45102,"Alibaba US Technology Co., Ltd.",654,2.66
47.236.180.51,2095,FALSE,SIN,SG,Asia Pacific,Singapore,45102,"Alibaba US Technology Co., Ltd.",338,2.65
8.219.78.188,80,FALSE,SIN,SG,Asia Pacific,Singapore,45102,"Alibaba US Technology Co., Ltd.",660,2.65
8.219.67.133,2095,FALSE,SIN,SG,Asia Pacific,Singapore,45102,"Alibaba US Technology Co., Ltd.",651,2.60
47.237.82.15,8880,FALSE,SIN,SG,Asia Pacific,Singapore,45102,"Alibaba US Technology Co., Ltd.",680,2.59
47.245.105.224,80,FALSE,SIN,SG,Asia Pacific,Singapore,45102,"Alibaba US Technology Co., Ltd.",665,2.57
8.222.249.190,2095,FALSE,SIN,SG,Asia Pacific,Singapore,45102,"Alibaba US Technology Co., Ltd.",648,2.55
8.219.11.158,2095,FALSE,SIN,SG,Asia Pacific,Singapore,45102,"Alibaba US Technology Co., Ltd.",668,2.55
47.236.232.148,2095,FALSE,SIN,SG,Asia Pacific,Singapore,45102,"Alibaba US Technology Co., Ltd.",293,2.54
47.237.83.20,2095,FALSE,SIN,SG,Asia Pacific,Singapore,45102,"Alibaba US Technology Co., Ltd.",651,2.53
8.219.193.202,2086,FALSE,SIN,SG,Asia Pacific,Singapore,45102,"Alibaba US Technology Co., Ltd.",329,2.52
8.222.137.192,8080,FALSE,SIN,SG,Asia Pacific,Singapore,45102,"Alibaba US Technology Co., Ltd.",649,2.50
8.219.0.48,80,FALSE,SIN,SG,Asia Pacific,Singapore,45102,"Alibaba US Technology Co., Ltd.",683,2.48
8.219.67.133,2086,FALSE,SIN,SG,Asia Pacific,Singapore,45102,"Alibaba US Technology Co., Ltd.",651,2.48
8.219.11.158,80,FALSE,SIN,SG,Asia Pacific,Singapore,45102,"Alibaba US Technology Co., Ltd.",649,2.46
47.236.9.152,2086,FALSE,SIN,SG,Asia Pacific,Singapore,45102,"Alibaba US Technology Co., Ltd.",298,2.44
47.245.96.80,2095,FALSE,SIN,SG,Asia Pacific,Singapore,45102,"Alibaba US Technology Co., Ltd.",629,2.43
47.245.84.124,80,FALSE,SIN,SG,Asia Pacific,Singapore,45102,"Alibaba US Technology Co., Ltd.",646,2.43
47.237.125.8,2086,FALSE,SIN,SG,Asia Pacific,Singapore,45102,"Alibaba US Technology Co., Ltd.",651,2.41
47.236.172.71,80,FALSE,SIN,SG,Asia Pacific,Singapore,45102,"Alibaba US Technology Co., Ltd.",331,2.39
8.222.187.4,8880,FALSE,SIN,SG,Asia Pacific,Singapore,45102,"Alibaba US Technology Co., Ltd.",650,2.36
8.212.41.98,80,FALSE,SIN,SG,Asia Pacific,Singapore,45102,"Alibaba US Technology Co., Ltd.",268,2.36
47.236.172.71,2052,FALSE,SIN,SG,Asia Pacific,Singapore,45102,"Alibaba US Technology Co., Ltd.",347,2.33
47.237.95.140,2095,FALSE,SIN,SG,Asia Pacific,Singapore,45102,"Alibaba US Technology Co., Ltd.",708,2.29
47.237.95.140,8880,FALSE,SIN,SG,Asia Pacific,Singapore,45102,"Alibaba US Technology Co., Ltd.",692,2.29
8.219.67.133,8080,FALSE,SIN,SG,Asia Pacific,Singapore,45102,"Alibaba US Technology Co., Ltd.",686,2.27
47.245.114.163,80,FALSE,SIN,SG,Asia Pacific,Singapore,45102,"Alibaba US Technology Co., Ltd.",648,2.25
8.222.137.192,2082,FALSE,SIN,SG,Asia Pacific,Singapore,45102,"Alibaba US Technology Co., Ltd.",655,2.25
8.219.220.88,8080,FALSE,SIN,SG,Asia Pacific,Singapore,45102,"Alibaba US Technology Co., Ltd.",305,2.25
47.237.100.206,2086,FALSE,SIN,SG,Asia Pacific,Singapore,45102,"Alibaba US Technology Co., Ltd.",635,2.24
47.237.86.185,8880,FALSE,SIN,SG,Asia Pacific,Singapore,45102,"Alibaba US Technology Co., Ltd.",656,2.23
8.222.165.117,2086,FALSE,SIN,SG,Asia Pacific,Singapore,45102,"Alibaba US Technology Co., Ltd.",651,2.23
8.219.83.201,8080,FALSE,SIN,SG,Asia Pacific,Singapore,45102,"Alibaba US Technology Co., Ltd.",655,2.20
8.222.237.131,2095,FALSE,SIN,SG,Asia Pacific,Singapore,45102,"Alibaba US Technology Co., Ltd.",659,2.19
8.219.142.191,8080,FALSE,SIN,SG,Asia Pacific,Singapore,45102,"Alibaba US Technology Co., Ltd.",294,2.17
8.222.183.242,8880,FALSE,SIN,SG,Asia Pacific,Singapore,45102,"Alibaba US Technology Co., Ltd.",699,2.17
8.219.202.130,2086,FALSE,SIN,SG,Asia Pacific,Singapore,45102,"Alibaba US Technology Co., Ltd.",297,2.16
47.245.84.124,8080,FALSE,SIN,SG,Asia Pacific,Singapore,45102,"Alibaba US Technology Co., Ltd.",659,2.11
47.236.202.91,2095,FALSE,SIN,SG,Asia Pacific,Singapore,45102,"Alibaba US Technology Co., Ltd.",337,2.09
47.237.82.15,8080,FALSE,SIN,SG,Asia Pacific,Singapore,45102,"Alibaba US Technology Co., Ltd.",668,2.08
47.236.144.208,8080,FALSE,SIN,SG,Asia Pacific,Singapore,45102,"Alibaba US Technology Co., Ltd.",312,2.08
8.219.110.81,2095,FALSE,SIN,SG,Asia Pacific,Singapore,45102,"Alibaba US Technology Co., Ltd.",673,2.08
47.236.172.71,2082,FALSE,SIN,SG,Asia Pacific,Singapore,45102,"Alibaba US Technology Co., Ltd.",340,2.08
47.236.150.13,8080,FALSE,SIN,SG,Asia Pacific,Singapore,45102,"Alibaba US Technology Co., Ltd.",332,2.08
47.236.17.193,2086,FALSE,SIN,SG,Asia Pacific,Singapore,45102,"Alibaba US Technology Co., Ltd.",288,2.05
8.222.156.242,2095,FALSE,SIN,SG,Asia Pacific,Singapore,45102,"Alibaba US Technology Co., Ltd.",650,2.05
47.237.125.8,8080,FALSE,SIN,SG,Asia Pacific,Singapore,45102,"Alibaba US Technology Co., Ltd.",664,2.04
47.245.86.230,8080,FALSE,SIN,SG,Asia Pacific,Singapore,45102,"Alibaba US Technology Co., Ltd.",664,2.03
8.222.179.231,80,FALSE,SIN,SG,Asia Pacific,Singapore,45102,"Alibaba US Technology Co., Ltd.",680,2.03
47.236.205.188,2086,FALSE,SIN,SG,Asia Pacific,Singapore,45102,"Alibaba US Technology Co., Ltd.",320,1.96
8.219.161.129,2086,FALSE,SIN,SG,Asia Pacific,Singapore,45102,"Alibaba US Technology Co., Ltd.",327,1.95
47.245.96.80,8880,FALSE,SIN,SG,Asia Pacific,Singapore,45102,"Alibaba US Technology Co., Ltd.",641,1.94
47.245.114.163,2095,FALSE,SIN,SG,Asia Pacific,Singapore,45102,"Alibaba US Technology Co., Ltd.",650,1.94
47.245.96.80,8080,FALSE,SIN,SG,Asia Pacific,Singapore,45102,"Alibaba US Technology Co., Ltd.",658,1.93
47.237.94.140,2082,FALSE,SIN,SG,Asia Pacific,Singapore,45102,"Alibaba US Technology Co., Ltd.",644,1.92
47.237.94.140,8880,FALSE,SIN,SG,Asia Pacific,Singapore,45102,"Alibaba US Technology Co., Ltd.",676,1.91
8.219.122.55,2095,FALSE,SIN,SG,Asia Pacific,Singapore,45102,"Alibaba US Technology Co., Ltd.",720,1.90
8.219.50.180,80,FALSE,SIN,SG,Asia Pacific,Singapore,45102,"Alibaba US Technology Co., Ltd.",651,1.88
8.219.77.222,2095,FALSE,SIN,SG,Asia Pacific,Singapore,45102,"Alibaba US Technology Co., Ltd.",705,1.85
8.222.237.131,2086,FALSE,SIN,SG,Asia Pacific,Singapore,45102,"Alibaba US Technology Co., Ltd.",679,1.83
47.236.168.17,2052,FALSE,SIN,SG,Asia Pacific,Singapore,45102,"Alibaba US Technology Co., Ltd.",326,1.81
47.236.189.92,2052,FALSE,SIN,SG,Asia Pacific,Singapore,45102,"Alibaba US Technology Co., Ltd.",321,1.78
8.219.122.55,8080,FALSE,SIN,SG,Asia Pacific,Singapore,45102,"Alibaba US Technology Co., Ltd.",680,1.75
47.237.0.31,2086,FALSE,SIN,SG,Asia Pacific,Singapore,45102,"Alibaba US Technology Co., Ltd.",661,1.71
8.219.49.65,2095,FALSE,SIN,SG,Asia Pacific,Singapore,45102,"Alibaba US Technology Co., Ltd.",655,1.71
47.237.95.156,8080,FALSE,SIN,SG,Asia Pacific,Singapore,45102,"Alibaba US Technology Co., Ltd.",642,1.66
8.219.0.48,2086,FALSE,SIN,SG,Asia Pacific,Singapore,45102,"Alibaba US Technology Co., Ltd.",637,1.66
47.237.0.31,80,FALSE,SIN,SG,Asia Pacific,Singapore,45102,"Alibaba US Technology Co., Ltd.",641,1.64
47.237.10.1,2086,FALSE,SIN,SG,Asia Pacific,Singapore,45102,"Alibaba US Technology Co., Ltd.",675,1.63
47.237.100.206,80,FALSE,SIN,SG,Asia Pacific,Singapore,45102,"Alibaba US Technology Co., Ltd.",686,1.61
47.237.0.31,2052,FALSE,SIN,SG,Asia Pacific,Singapore,45102,"Alibaba US Technology Co., Ltd.",641,1.61
47.237.11.182,2086,FALSE,SIN,SG,Asia Pacific,Singapore,45102,"Alibaba US Technology Co., Ltd.",670,1.60
47.237.84.173,2095,FALSE,SIN,SG,Asia Pacific,Singapore,45102,"Alibaba US Technology Co., Ltd.",654,1.59
8.219.78.188,8880,FALSE,SIN,SG,Asia Pacific,Singapore,45102,"Alibaba US Technology Co., Ltd.",696,1.59
47.237.82.15,2095,FALSE,SIN,SG,Asia Pacific,Singapore,45102,"Alibaba US Technology Co., Ltd.",658,1.59
8.219.78.1,2095,FALSE,SIN,SG,Asia Pacific,Singapore,45102,"Alibaba US Technology Co., Ltd.",641,1.55
47.236.164.215,8880,FALSE,SIN,SG,Asia Pacific,Singapore,45102,"Alibaba US Technology Co., Ltd.",362,1.54
8.219.114.201,2086,FALSE,SIN,SG,Asia Pacific,Singapore,45102,"Alibaba US Technology Co., Ltd.",667,1.51
47.236.189.92,8880,FALSE,SIN,SG,Asia Pacific,Singapore,45102,"Alibaba US Technology Co., Ltd.",271,1.48
47.237.92.26,2082,FALSE,SIN,SG,Asia Pacific,Singapore,45102,"Alibaba US Technology Co., Ltd.",658,1.47
47.245.126.151,8080,FALSE,SIN,SG,Asia Pacific,Singapore,45102,"Alibaba US Technology Co., Ltd.",633,1.46
8.222.193.65,8080,FALSE,SIN,SG,Asia Pacific,Singapore,45102,"Alibaba US Technology Co., Ltd.",649,1.45
8.219.174.142,2095,FALSE,SIN,SG,Asia Pacific,Singapore,45102,"Alibaba US Technology Co., Ltd.",310,1.44
8.219.49.65,8880,FALSE,SIN,SG,Asia Pacific,Singapore,45102,"Alibaba US Technology Co., Ltd.",662,1.42
8.222.208.38,2052,FALSE,SIN,SG,Asia Pacific,Singapore,45102,"Alibaba US Technology Co., Ltd.",674,1.40
8.219.49.65,80,FALSE,SIN,SG,Asia Pacific,Singapore,45102,"Alibaba US Technology Co., Ltd.",659,1.36
8.219.229.190,8880,FALSE,SIN,SG,Asia Pacific,Singapore,45102,"Alibaba US Technology Co., Ltd.",295,1.34
8.219.87.30,80,FALSE,SIN,SG,Asia Pacific,Singapore,45102,"Alibaba US Technology Co., Ltd.",666,1.32
47.245.114.163,8880,FALSE,SIN,SG,Asia Pacific,Singapore,45102,"Alibaba US Technology Co., Ltd.",681,1.31
8.222.214.231,2082,FALSE,SIN,SG,Asia Pacific,Singapore,45102,"Alibaba US Technology Co., Ltd.",671,1.31
47.237.8.82,8080,FALSE,SIN,SG,Asia Pacific,Singapore,45102,"Alibaba US Technology Co., Ltd.",666,1.28
8.219.1.92,8080,FALSE,SIN,SG,Asia Pacific,Singapore,45102,"Alibaba US Technology Co., Ltd.",697,1.28
8.219.97.50,8080,FALSE,SIN,SG,Asia Pacific,Singapore,45102,"Alibaba US Technology Co., Ltd.",680,1.26
47.245.102.52,80,FALSE,SIN,SG,Asia Pacific,Singapore,45102,"Alibaba US Technology Co., Ltd.",660,1.26
8.222.208.38,8880,FALSE,SIN,SG,Asia Pacific,Singapore,45102,"Alibaba US Technology Co., Ltd.",654,1.26
47.237.11.182,2095,FALSE,SIN,SG,Asia Pacific,Singapore,45102,"Alibaba US Technology Co., Ltd.",638,1.24
8.222.146.222,2086,FALSE,SIN,SG,Asia Pacific,Singapore,45102,"Alibaba US Technology Co., Ltd.",696,1.24
8.222.137.192,2086,FALSE,SIN,SG,Asia Pacific,Singapore,45102,"Alibaba US Technology Co., Ltd.",660,1.23
8.222.249.190,8880,FALSE,SIN,SG,Asia Pacific,Singapore,45102,"Alibaba US Technology Co., Ltd.",662,1.22
8.222.244.192,8080,FALSE,SIN,SG,Asia Pacific,Singapore,45102,"Alibaba US Technology Co., Ltd.",706,1.19
8.219.87.30,8080,FALSE,SIN,SG,Asia Pacific,Singapore,45102,"Alibaba US Technology Co., Ltd.",677,1.18
8.219.1.92,80,FALSE,SIN,SG,Asia Pacific,Singapore,45102,"Alibaba US Technology Co., Ltd.",697,1.18
47.237.83.20,80,FALSE,SIN,SG,Asia Pacific,Singapore,45102,"Alibaba US Technology Co., Ltd.",692,1.17
8.219.60.54,2082,FALSE,SIN,SG,Asia Pacific,Singapore,45102,"Alibaba US Technology Co., Ltd.",632,1.16
8.219.78.188,2086,FALSE,SIN,SG,Asia Pacific,Singapore,45102,"Alibaba US Technology Co., Ltd.",703,1.16
47.237.83.20,8880,FALSE,SIN,SG,Asia Pacific,Singapore,45102,"Alibaba US Technology Co., Ltd.",677,1.15
8.219.193.202,80,FALSE,SIN,SG,Asia Pacific,Singapore,45102,"Alibaba US Technology Co., Ltd.",290,1.15
47.237.11.182,2052,FALSE,SIN,SG,Asia Pacific,Singapore,45102,"Alibaba US Technology Co., Ltd.",666,1.13
47.236.123.133,2086,FALSE,SIN,SG,Asia Pacific,Singapore,45102,"Alibaba US Technology Co., Ltd.",341,1.10
8.219.110.81,8880,FALSE,SIN,SG,Asia Pacific,Singapore,45102,"Alibaba US Technology Co., Ltd.",633,1.09
8.222.137.192,2095,FALSE,SIN,SG,Asia Pacific,Singapore,45102,"Alibaba US Technology Co., Ltd.",641,1.09
47.237.95.13,2095,FALSE,SIN,SG,Asia Pacific,Singapore,45102,"Alibaba US Technology Co., Ltd.",670,1.09
47.236.170.225,2095,FALSE,SIN,SG,Asia Pacific,Singapore,45102,"Alibaba US Technology Co., Ltd.",278,1.09
8.219.100.168,80,FALSE,SIN,SG,Asia Pacific,Singapore,45102,"Alibaba US Technology Co., Ltd.",632,1.07
8.219.60.54,8880,FALSE,SIN,SG,Asia Pacific,Singapore,45102,"Alibaba US Technology Co., Ltd.",661,1.05
47.237.95.140,2086,FALSE,SIN,SG,Asia Pacific,Singapore,45102,"Alibaba US Technology Co., Ltd.",627,1.04
47.245.105.224,2086,FALSE,SIN,SG,Asia Pacific,Singapore,45102,"Alibaba US Technology Co., Ltd.",661,1.03
8.219.161.129,80,FALSE,SIN,SG,Asia Pacific,Singapore,45102,"Alibaba US Technology Co., Ltd.",315,1.02
47.237.92.26,8080,FALSE,SIN,SG,Asia Pacific,Singapore,45102,"Alibaba US Technology Co., Ltd.",649,1.01
47.237.121.38,2086,FALSE,SIN,SG,Asia Pacific,Singapore,45102,"Alibaba US Technology Co., Ltd.",674,1.00
47.237.14.220,2082,FALSE,SIN,SG,Asia Pacific,Singapore,45102,"Alibaba US Technology Co., Ltd.",642,1.00
8.222.249.190,2086,FALSE,SIN,SG,Asia Pacific,Singapore,45102,"Alibaba US Technology Co., Ltd.",644,0.99
8.219.114.201,2095,FALSE,SIN,SG,Asia Pacific,Singapore,45102,"Alibaba US Technology Co., Ltd.",651,0.99
8.219.77.222,80,FALSE,SIN,SG,Asia Pacific,Singapore,45102,"Alibaba US Technology Co., Ltd.",673,0.98
47.237.82.15,2052,FALSE,SIN,SG,Asia Pacific,Singapore,45102,"Alibaba US Technology Co., Ltd.",668,0.98
8.219.191.110,2086,FALSE,SIN,SG,Asia Pacific,Singapore,45102,"Alibaba US Technology Co., Ltd.",320,0.97
47.237.83.20,2082,FALSE,SIN,SG,Asia Pacific,Singapore,45102,"Alibaba US Technology Co., Ltd.",653,0.96
8.222.244.192,2082,FALSE,SIN,SG,Asia Pacific,Singapore,45102,"Alibaba US Technology Co., Ltd.",650,0.92
8.222.183.242,8080,FALSE,SIN,SG,Asia Pacific,Singapore,45102,"Alibaba US Technology Co., Ltd.",680,0.91
47.245.102.52,2095,FALSE,SIN,SG,Asia Pacific,Singapore,45102,"Alibaba US Technology Co., Ltd.",642,0.89
8.219.174.142,2086,FALSE,SIN,SG,Asia Pacific,Singapore,45102,"Alibaba US Technology Co., Ltd.",316,0.88
47.245.86.230,80,FALSE,SIN,SG,Asia Pacific,Singapore,45102,"Alibaba US Technology Co., Ltd.",654,0.87
8.219.142.191,8880,FALSE,SIN,SG,Asia Pacific,Singapore,45102,"Alibaba US Technology Co., Ltd.",337,0.87
47.236.165.25,2082,FALSE,SIN,SG,Asia Pacific,Singapore,45102,"Alibaba US Technology Co., Ltd.",323,0.82
8.219.126.240,2095,FALSE,SIN,SG,Asia Pacific,Singapore,45102,"Alibaba US Technology Co., Ltd.",679,0.82
8.219.99.169,80,FALSE,SIN,SG,Asia Pacific,Singapore,45102,"Alibaba US Technology Co., Ltd.",657,0.81
8.219.210.57,2095,FALSE,SIN,SG,Asia Pacific,Singapore,45102,"Alibaba US Technology Co., Ltd.",281,0.81
47.237.84.173,2082,FALSE,SIN,SG,Asia Pacific,Singapore,45102,"Alibaba US Technology Co., Ltd.",646,0.81
47.236.102.102,80,FALSE,SIN,SG,Asia Pacific,Singapore,45102,"Alibaba US Technology Co., Ltd.",321,0.79
8.219.78.1,8080,FALSE,SIN,SG,Asia Pacific,Singapore,45102,"Alibaba US Technology Co., Ltd.",640,0.79
47.236.150.13,80,FALSE,SIN,SG,Asia Pacific,Singapore,45102,"Alibaba US Technology Co., Ltd.",317,0.78
47.237.84.173,2052,FALSE,SIN,SG,Asia Pacific,Singapore,45102,"Alibaba US Technology Co., Ltd.",650,0.77
47.236.144.196,8080,FALSE,SIN,SG,Asia Pacific,Singapore,45102,"Alibaba US Technology Co., Ltd.",332,0.76
8.219.174.142,80,FALSE,SIN,SG,Asia Pacific,Singapore,45102,"Alibaba US Technology Co., Ltd.",319,0.75
47.236.180.24,8080,FALSE,SIN,SG,Asia Pacific,Singapore,45102,"Alibaba US Technology Co., Ltd.",323,0.75
8.222.249.190,80,FALSE,SIN,SG,Asia Pacific,Singapore,45102,"Alibaba US Technology Co., Ltd.",691,0.75
8.219.97.50,8880,FALSE,SIN,SG,Asia Pacific,Singapore,45102,"Alibaba US Technology Co., Ltd.",705,0.75
47.237.11.182,2082,FALSE,SIN,SG,Asia Pacific,Singapore,45102,"Alibaba US Technology Co., Ltd.",670,0.74
47.237.11.182,8880,FALSE,SIN,SG,Asia Pacific,Singapore,45102,"Alibaba US Technology Co., Ltd.",658,0.74
8.219.77.222,8080,FALSE,SIN,SG,Asia Pacific,Singapore,45102,"Alibaba US Technology Co., Ltd.",703,0.73
8.219.163.195,80,FALSE,SIN,SG,Asia Pacific,Singapore,45102,"Alibaba US Technology Co., Ltd.",296,0.73
8.222.208.38,8080,FALSE,SIN,SG,Asia Pacific,Singapore,45102,"Alibaba US Technology Co., Ltd.",642,0.73
47.237.125.8,8880,FALSE,SIN,SG,Asia Pacific,Singapore,45102,"Alibaba US Technology Co., Ltd.",645,0.73
8.219.120.87,8080,FALSE,SIN,SG,Asia Pacific,Singapore,45102,"Alibaba US Technology Co., Ltd.",668,0.72
8.219.60.54,2086,FALSE,SIN,SG,Asia Pacific,Singapore,45102,"Alibaba US Technology Co., Ltd.",688,0.72
47.236.146.249,2095,FALSE,SIN,SG,Asia Pacific,Singapore,45102,"Alibaba US Technology Co., Ltd.",279,0.71
8.222.144.50,2086,FALSE,SIN,SG,Asia Pacific,Singapore,45102,"Alibaba US Technology Co., Ltd.",713,0.71
47.236.80.110,2082,FALSE,SIN,SG,Asia Pacific,Singapore,45102,"Alibaba US Technology Co., Ltd.",280,0.70
47.236.205.188,80,FALSE,SIN,SG,Asia Pacific,Singapore,45102,"Alibaba US Technology Co., Ltd.",318,0.70
47.236.172.95,2086,FALSE,SIN,SG,Asia Pacific,Singapore,45102,"Alibaba US Technology Co., Ltd.",336,0.70
47.236.169.15,2095,FALSE,SIN,SG,Asia Pacific,Singapore,45102,"Alibaba US Technology Co., Ltd.",324,0.70
47.237.0.31,8880,FALSE,SIN,SG,Asia Pacific,Singapore,45102,"Alibaba US Technology Co., Ltd.",633,0.67
47.236.254.120,2095,FALSE,SIN,SG,Asia Pacific,Singapore,45102,"Alibaba US Technology Co., Ltd.",316,0.66
47.236.164.215,2086,FALSE,SIN,SG,Asia Pacific,Singapore,45102,"Alibaba US Technology Co., Ltd.",323,0.63
8.219.60.54,8080,FALSE,SIN,SG,Asia Pacific,Singapore,45102,"Alibaba US Technology Co., Ltd.",666,0.63
47.236.172.71,2095,FALSE,SIN,SG,Asia Pacific,Singapore,45102,"Alibaba US Technology Co., Ltd.",331,0.62
8.222.193.65,2095,FALSE,SIN,SG,Asia Pacific,Singapore,45102,"Alibaba US Technology Co., Ltd.",689,0.62
47.236.167.231,80,FALSE,SIN,SG,Asia Pacific,Singapore,45102,"Alibaba US Technology Co., Ltd.",314,0.62
8.219.87.30,2095,FALSE,SIN,SG,Asia Pacific,Singapore,45102,"Alibaba US Technology Co., Ltd.",660,0.61
8.219.83.201,2095,FALSE,SIN,SG,Asia Pacific,Singapore,45102,"Alibaba US Technology Co., Ltd.",686,0.59
8.219.111.175,2086,FALSE,SIN,SG,Asia Pacific,Singapore,45102,"Alibaba US Technology Co., Ltd.",641,0.59
47.236.170.54,8080,FALSE,SIN,SG,Asia Pacific,Singapore,45102,"Alibaba US Technology Co., Ltd.",373,0.59
8.219.67.133,80,FALSE,SIN,SG,Asia Pacific,Singapore,45102,"Alibaba US Technology Co., Ltd.",706,0.58
47.236.102.102,8080,FALSE,SIN,SG,Asia Pacific,Singapore,45102,"Alibaba US Technology Co., Ltd.",299,0.57
47.236.87.246,8880,FALSE,SIN,SG,Asia Pacific,Singapore,45102,"Alibaba US Technology Co., Ltd.",312,0.57
47.236.169.15,8080,FALSE,SIN,SG,Asia Pacific,Singapore,45102,"Alibaba US Technology Co., Ltd.",302,0.57
47.237.121.38,2052,FALSE,SIN,SG,Asia Pacific,Singapore,45102,"Alibaba US Technology Co., Ltd.",654,0.55
47.236.144.156,2082,FALSE,SIN,SG,Asia Pacific,Singapore,45102,"Alibaba US Technology Co., Ltd.",313,0.55
35.240.184.147,8095,FALSE,SIN,SG,Asia Pacific,Singapore,396982,GOOGLE-CLOUD-PLATFORM,489,0.55
47.236.202.91,8880,FALSE,SIN,SG,Asia Pacific,Singapore,45102,"Alibaba US Technology Co., Ltd.",323,0.55
47.236.253.41,8880,FALSE,SIN,SG,Asia Pacific,Singapore,45102,"Alibaba US Technology Co., Ltd.",326,0.53
8.222.237.131,8080,FALSE,SIN,SG,Asia Pacific,Singapore,45102,"Alibaba US Technology Co., Ltd.",694,0.52
47.236.167.231,2095,FALSE,SIN,SG,Asia Pacific,Singapore,45102,"Alibaba US Technology Co., Ltd.",331,0.51
47.236.118.216,8080,FALSE,SIN,SG,Asia Pacific,Singapore,45102,"Alibaba US Technology Co., Ltd.",322,0.51
8.219.170.232,8880,FALSE,SIN,SG,Asia Pacific,Singapore,45102,"Alibaba US Technology Co., Ltd.",298,0.51
47.236.150.13,8880,FALSE,SIN,SG,Asia Pacific,Singapore,45102,"Alibaba US Technology Co., Ltd.",331,0.51
47.237.92.26,8880,FALSE,SIN,SG,Asia Pacific,Singapore,45102,"Alibaba US Technology Co., Ltd.",659,0.51
8.222.187.4,8080,FALSE,SIN,SG,Asia Pacific,Singapore,45102,"Alibaba US Technology Co., Ltd.",641,0.50
47.237.0.31,8080,FALSE,SIN,SG,Asia Pacific,Singapore,45102,"Alibaba US Technology Co., Ltd.",694,0.50
47.237.11.182,80,FALSE,SIN,SG,Asia Pacific,Singapore,45102,"Alibaba US Technology Co., Ltd.",640,0.49
47.236.189.92,8080,FALSE,SIN,SG,Asia Pacific,Singapore,45102,"Alibaba US Technology Co., Ltd.",326,0.48
47.236.5.223,2052,FALSE,SIN,SG,Asia Pacific,Singapore,45102,"Alibaba US Technology Co., Ltd.",329,0.47
8.222.214.231,8880,FALSE,SIN,SG,Asia Pacific,Singapore,45102,"Alibaba US Technology Co., Ltd.",678,0.47
47.236.166.131,2086,FALSE,SIN,SG,Asia Pacific,Singapore,45102,"Alibaba US Technology Co., Ltd.",314,0.47
8.219.120.87,2086,FALSE,SIN,SG,Asia Pacific,Singapore,45102,"Alibaba US Technology Co., Ltd.",667,0.47
47.236.170.225,8080,FALSE,SIN,SG,Asia Pacific,Singapore,45102,"Alibaba US Technology Co., Ltd.",328,0.46
8.219.210.57,2082,FALSE,SIN,SG,Asia Pacific,Singapore,45102,"Alibaba US Technology Co., Ltd.",345,0.45
47.237.121.38,8880,FALSE,SIN,SG,Asia Pacific,Singapore,45102,"Alibaba US Technology Co., Ltd.",658,0.45
8.222.208.38,2082,FALSE,SIN,SG,Asia Pacific,Singapore,45102,"Alibaba US Technology Co., Ltd.",666,0.44
8.219.99.169,2095,FALSE,SIN,SG,Asia Pacific,Singapore,45102,"Alibaba US Technology Co., Ltd.",719,0.44
47.236.123.133,8880,FALSE,SIN,SG,Asia Pacific,Singapore,45102,"Alibaba US Technology Co., Ltd.",281,0.43
47.236.166.131,2052,FALSE,SIN,SG,Asia Pacific,Singapore,45102,"Alibaba US Technology Co., Ltd.",292,0.43
47.236.130.95,80,FALSE,SIN,SG,Asia Pacific,Singapore,45102,"Alibaba US Technology Co., Ltd.",332,0.43
47.236.145.85,80,FALSE,SIN,SG,Asia Pacific,Singapore,45102,"Alibaba US Technology Co., Ltd.",316,0.42
8.219.191.110,8080,FALSE,SIN,SG,Asia Pacific,Singapore,45102,"Alibaba US Technology Co., Ltd.",311,0.41
8.222.144.50,2095,FALSE,SIN,SG,Asia Pacific,Singapore,45102,"Alibaba US Technology Co., Ltd.",630,0.41
47.236.75.113,8880,FALSE,SIN,SG,Asia Pacific,Singapore,45102,"Alibaba US Technology Co., Ltd.",295,0.40
8.219.198.139,80,FALSE,SIN,SG,Asia Pacific,Singapore,45102,"Alibaba US Technology Co., Ltd.",337,0.40
47.236.75.152,2052,FALSE,SIN,SG,Asia Pacific,Singapore,45102,"Alibaba US Technology Co., Ltd.",318,0.40
47.236.171.205,80,FALSE,SIN,SG,Asia Pacific,Singapore,45102,"Alibaba US Technology Co., Ltd.",322,0.40
47.236.168.17,2095,FALSE,SIN,SG,Asia Pacific,Singapore,45102,"Alibaba US Technology Co., Ltd.",363,0.40
8.219.49.65,2082,FALSE,SIN,SG,Asia Pacific,Singapore,45102,"Alibaba US Technology Co., Ltd.",671,0.39
47.236.5.223,2082,FALSE,SIN,SG,Asia Pacific,Singapore,45102,"Alibaba US Technology Co., Ltd.",308,0.39
47.236.205.188,8080,FALSE,SIN,SG,Asia Pacific,Singapore,45102,"Alibaba US Technology Co., Ltd.",343,0.39
8.219.0.162,2095,FALSE,SIN,SG,Asia Pacific,Singapore,45102,"Alibaba US Technology Co., Ltd.",640,0.39
8.219.161.129,8080,FALSE,SIN,SG,Asia Pacific,Singapore,45102,"Alibaba US Technology Co., Ltd.",383,0.38
47.236.87.246,2052,FALSE,SIN,SG,Asia Pacific,Singapore,45102,"Alibaba US Technology Co., Ltd.",319,0.37
8.219.139.13,2095,FALSE,SIN,SG,Asia Pacific,Singapore,45102,"Alibaba US Technology Co., Ltd.",321,0.36
8.219.83.201,80,FALSE,SIN,SG,Asia Pacific,Singapore,45102,"Alibaba US Technology Co., Ltd.",630,0.35
47.236.144.48,8880,FALSE,SIN,SG,Asia Pacific,Singapore,45102,"Alibaba US Technology Co., Ltd.",333,0.34
8.219.170.232,8080,FALSE,SIN,SG,Asia Pacific,Singapore,45102,"Alibaba US Technology Co., Ltd.",363,0.34
8.222.144.50,8880,FALSE,SIN,SG,Asia Pacific,Singapore,45102,"Alibaba US Technology Co., Ltd.",686,0.34
47.236.180.51,8880,FALSE,SIN,SG,Asia Pacific,Singapore,45102,"Alibaba US Technology Co., Ltd.",760,0.33
47.236.254.120,2086,FALSE,SIN,SG,Asia Pacific,Singapore,45102,"Alibaba US Technology Co., Ltd.",320,0.33
47.236.104.11,8880,FALSE,SIN,SG,Asia Pacific,Singapore,45102,"Alibaba US Technology Co., Ltd.",339,0.33
8.219.87.30,2086,FALSE,SIN,SG,Asia Pacific,Singapore,45102,"Alibaba US Technology Co., Ltd.",640,0.31
47.236.149.107,2082,FALSE,SIN,SG,Asia Pacific,Singapore,45102,"Alibaba US Technology Co., Ltd.",352,0.31
47.236.174.206,8080,FALSE,SIN,SG,Asia Pacific,Singapore,45102,"Alibaba US Technology Co., Ltd.",285,0.31
47.236.232.148,2086,FALSE,SIN,SG,Asia Pacific,Singapore,45102,"Alibaba US Technology Co., Ltd.",319,0.30
8.219.99.169,8880,FALSE,SIN,SG,Asia Pacific,Singapore,45102,"Alibaba US Technology Co., Ltd.",703,0.30
47.236.253.41,80,FALSE,SIN,SG,Asia Pacific,Singapore,45102,"Alibaba US Technology Co., Ltd.",310,0.29
47.237.86.185,2082,FALSE,SIN,SG,Asia Pacific,Singapore,45102,"Alibaba US Technology Co., Ltd.",660,0.29
8.219.200.145,2086,FALSE,SIN,SG,Asia Pacific,Singapore,45102,"Alibaba US Technology Co., Ltd.",340,0.29
47.236.80.110,80,FALSE,SIN,SG,Asia Pacific,Singapore,45102,"Alibaba US Technology Co., Ltd.",318,0.28
47.237.121.38,2082,FALSE,SIN,SG,Asia Pacific,Singapore,45102,"Alibaba US Technology Co., Ltd.",683,0.28
8.222.214.231,2086,FALSE,SIN,SG,Asia Pacific,Singapore,45102,"Alibaba US Technology Co., Ltd.",664,0.27
35.240.184.147,8093,FALSE,SIN,SG,Asia Pacific,Singapore,396982,GOOGLE-CLOUD-PLATFORM,456,0.26
8.219.77.222,8880,FALSE,SIN,SG,Asia Pacific,Singapore,45102,"Alibaba US Technology Co., Ltd.",658,0.26
8.219.120.87,8880,FALSE,SIN,SG,Asia Pacific,Singapore,45102,"Alibaba US Technology Co., Ltd.",701,0.25
8.222.187.4,80,FALSE,SIN,SG,Asia Pacific,Singapore,45102,"Alibaba US Technology Co., Ltd.",645,0.25
8.219.107.135,2086,FALSE,SIN,SG,Asia Pacific,Singapore,45102,"Alibaba US Technology Co., Ltd.",673,0.25
47.237.81.112,2086,FALSE,SIN,SG,Asia Pacific,Singapore,45102,"Alibaba US Technology Co., Ltd.",647,0.25
47.237.95.140,2052,FALSE,SIN,SG,Asia Pacific,Singapore,45102,"Alibaba US Technology Co., Ltd.",643,0.23
8.222.208.38,80,FALSE,SIN,SG,Asia Pacific,Singapore,45102,"Alibaba US Technology Co., Ltd.",661,0.23
8.222.183.242,80,FALSE,SIN,SG,Asia Pacific,Singapore,45102,"Alibaba US Technology Co., Ltd.",696,0.22
8.219.110.81,2086,FALSE,SIN,SG,Asia Pacific,Singapore,45102,"Alibaba US Technology Co., Ltd.",682,0.22
8.219.65.216,80,FALSE,SIN,SG,Asia Pacific,Singapore,45102,"Alibaba US Technology Co., Ltd.",677,0.22
8.219.0.162,2052,FALSE,SIN,SG,Asia Pacific,Singapore,45102,"Alibaba US Technology Co., Ltd.",666,0.21
8.219.100.168,8080,FALSE,SIN,SG,Asia Pacific,Singapore,45102,"Alibaba US Technology Co., Ltd.",700,0.21
47.237.0.31,2082,FALSE,SIN,SG,Asia Pacific,Singapore,45102,"Alibaba US Technology Co., Ltd.",654,0.21
47.237.83.20,2086,FALSE,SIN,SG,Asia Pacific,Singapore,45102,"Alibaba US Technology Co., Ltd.",660,0.21
47.237.94.140,2052,FALSE,SIN,SG,Asia Pacific,Singapore,45102,"Alibaba US Technology Co., Ltd.",707,0.21
47.237.95.156,2052,FALSE,SIN,SG,Asia Pacific,Singapore,45102,"Alibaba US Technology Co., Ltd.",656,0.20
47.237.95.156,80,FALSE,SIN,SG,Asia Pacific,Singapore,45102,"Alibaba US Technology Co., Ltd.",675,0.20
47.237.86.185,2052,FALSE,SIN,SG,Asia Pacific,Singapore,45102,"Alibaba US Technology Co., Ltd.",668,0.20
47.237.10.1,2052,FALSE,SIN,SG,Asia Pacific,Singapore,45102,"Alibaba US Technology Co., Ltd.",630,0.20
47.237.81.112,8880,FALSE,SIN,SG,Asia Pacific,Singapore,45102,"Alibaba US Technology Co., Ltd.",634,0.20
47.237.14.220,8880,FALSE,SIN,SG,Asia Pacific,Singapore,45102,"Alibaba US Technology Co., Ltd.",662,0.20
47.236.144.48,2086,FALSE,SIN,SG,Asia Pacific,Singapore,45102,"Alibaba US Technology Co., Ltd.",336,0.19
47.237.95.156,2086,FALSE,SIN,SG,Asia Pacific,Singapore,45102,"Alibaba US Technology Co., Ltd.",676,0.19
47.237.81.112,2082,FALSE,SIN,SG,Asia Pacific,Singapore,45102,"Alibaba US Technology Co., Ltd.",667,0.19
47.237.121.38,2095,FALSE,SIN,SG,Asia Pacific,Singapore,45102,"Alibaba US Technology Co., Ltd.",637,0.19
8.222.146.222,8880,FALSE,SIN,SG,Asia Pacific,Singapore,45102,"Alibaba US Technology Co., Ltd.",649,0.19
8.219.42.72,8080,FALSE,SIN,SG,Asia Pacific,Singapore,45102,"Alibaba US Technology Co., Ltd.",699,0.19
47.237.82.15,2086,FALSE,SIN,SG,Asia Pacific,Singapore,45102,"Alibaba US Technology Co., Ltd.",652,0.19
47.237.95.156,8880,FALSE,SIN,SG,Asia Pacific,Singapore,45102,"Alibaba US Technology Co., Ltd.",650,0.19
8.219.104.37,8080,FALSE,SIN,SG,Asia Pacific,Singapore,45102,"Alibaba US Technology Co., Ltd.",683,0.17
47.237.81.112,2095,FALSE,SIN,SG,Asia Pacific,Singapore,45102,"Alibaba US Technology Co., Ltd.",644,0.17
47.237.100.206,8080,FALSE,SIN,SG,Asia Pacific,Singapore,45102,"Alibaba US Technology Co., Ltd.",659,0.16
47.237.92.26,2095,FALSE,SIN,SG,Asia Pacific,Singapore,45102,"Alibaba US Technology Co., Ltd.",642,0.15
47.237.94.140,80,FALSE,SIN,SG,Asia Pacific,Singapore,45102,"Alibaba US Technology Co., Ltd.",689,0.12
47.237.10.1,8080,FALSE,SIN,SG,Asia Pacific,Singapore,45102,"Alibaba US Technology Co., Ltd.",643,0.11
47.237.95.146,2086,FALSE,SIN,SG,Asia Pacific,Singapore,45102,"Alibaba US Technology Co., Ltd.",651,0.11
8.219.42.72,2086,FALSE,SIN,SG,Asia Pacific,Singapore,45102,"Alibaba US Technology Co., Ltd.",656,0.10
47.245.84.124,2095,FALSE,SIN,SG,Asia Pacific,Singapore,45102,"Alibaba US Technology Co., Ltd.",692,0.10
